name_list_gulfard = {

	#forenames compiled by Lahom, Panicles, TommyBerubeg
	#surnames compiled by artmania

	male_names = {
		Aaron Abe Adam Addison Adley Alexander Alfred Alvah Alvin Arthur Asa Ashleigh Ashley Atticus Austin Avery
		Baker Barden Bart Bartow Beau Bill Billup Blaine Bo Bobby Bobby_Lee Bobby_Ray Bodean Bonell Boyd Bradford Bradley Braxton Brookin Bubba Bucephalus Buck Buford Burnice Burris Burwell
		Cade Calder Candler Carlin Carver Casey Cecil Chandler Charles Charlton Chester Childress Chuck Clayton Cleavon Clenton Cleon Cletus Cliff Clint Clyde Cody Conway Cooper Cooter Cornell Cullen Curtis
		Dale Dan Daryl Daven David Dean DeForest Delmer Delmont Dempsey Dewey Dill Dixon Doc Dolphus Donnell Dwayne Dwight
		Earl Edgar Edmund Edward Ellis Elmer Elrod Emmitt Enos Eppa Erby Eulis Eustice Everett Ewell
		Farris Faulkner Felton Floyd Forrest Foster Francis Franklin Fred
		Gadis Gaffney Garret Garth Gary Geddes Gene George Gilmer Grady Grattan Gregory Gridley Grover
		Hale Hampton Hancock Hank Harlan Harley Harris Harry Heck Henry Hiram Hixson Hoke Hollis Homer Horace Howard Howell Hoyt Hulett Humble Hunter Hylan
		Ike Inman Irvin Isaac Isham
		Jack Jackson Jay Jed Jeff Jeff_Davis Jem Jeptha Jeremy Jerl Jerry Jesse Jim Jimmie John Johnny Joe Jubal Junior
		Kimball
		Lamar Landis Landrum Larry Lawton Lee Leroy Lester Lewis Lindsey Link Littlejohn Logan Lonnie Luke Luther Lyle Lyndon
		Malcolm Marcus Marshall Matthew Maxwell Melvin Menelaus Mike Milam Milas Milton Mirabeau Morton Moxley
		Nate Nathan Nelson
		Obie Ollie Orin Otis
		Parker Philander Philip Philus Preston Purvis
		Quentin
		Rabun Radley Raleigh Ralph Randall Ray Rayford Raymond Reb Reese Rex Reynold Rickey
		Ricky Robbie Robert Rocky Ronnie Rooney Roscoe Rowan Roy Royster Rufus Rusk
		Saggory Salter Samson Seaborn Shelby Simon Spencer
		Talmadge Tanner Tate Taylor Terry Thad Theophus Thomas Tiberius Tim Titus Tommy_Lee Travis Trebor Trigger Travis Truman Tucker Tyler Tyree
		Vernon Victor
		Ulysses
		Verlond Vernon Vidal Vinton
		Wade Walter Wash Waylon Webb Wheeler Whitely Whitney Wilbur Willard Willie Winchester Winford Woodrow Woody Wylie
	}
	female_names = {
		Abby Ada_Mae Alexandra Alfarata Alice Amaleen Amber_Lee Amy_Beth Angela Ann Annette April Arlene Audrey Augusta
		Barb Barbara_Ann Baylee Belle Bernice Berta Betty Beulah Billie_Jean Bobbi Bonnie Brenda Breanna Brittney Buffy
		Cambria Candy Carli Caroline Catherine Charity Charlene Chastity Cherry Cindy Claire Claudette Claudine Cora Cora_Lee Crystal Cyndilou Cynthia
		Daisy Darlene Deanna Debbie Delilah Denise Desiree Destiny Diamond Diane Dixie Dolores Donna Doris
		Earnestine Earlene Edda Edith Edna Effie Elaine Ellen Ellie Emily Erin Ernestina Essie Esther Ethel Etola Eudora Eula Eula_Mae Eva
		Fannie Faye Faylene Fern Flora Florella Frances
		Georgette Georgia Gertrude Gladys Grace Gracelyn
		Haley Harmony Harper Harriet Hattie Hazel Heather Helen Henrietta Hilda Holly
		Ida Ina Iris Isolina
		Jane Janice Jasmynn Jaylene Jean Jessie Jewel Jill Jennie Jennifer Jodi Jodi_Lynn Josie Joyce Jozelle Judy Julia June Justine
		Katelyn Kathleen Kay Kelly Kimberly
		Lane Laralene Laura Layla Leanne Lee Lettie Lillian Linda Loletha Loretta Loribelle Louise Lucy Lula Lurine Lynn
		Mabel Maddy Mae Mandy Marcie Martha Mary Mary_Anne Mary_Lee Mary_Lynn Mattie Maudie Maureen Mayella Melissa Melody Mercedes Mildred Milly Minnie Minnie_Lee Misty Moon
		Nancy Naomi Nell Nora Norma Nyla
		Ora Orene Ottie
		Paige Patty Paula Peach Pearl Peggy Penny Perla Permelia Pristine
		Rachel Rain Ramona Raylene Reba Regina Renata Rhoda Rhonda Rita Rose Rosemary Roxy Ruby Ruby_Ann Ruby_Jane Ruby_Lee Ruby_Mae Ruth
		Sabrina Sadie Sally Sammie Sandy Sapphire Sarah Savannah Shayna Sherry Shirley Stella Stephanie Sue Sunny Susanne
		Talulla Tammie Tara Teresa Terri Tierra Tiffany Tracey Trisha Trixie
		Vera Vicki Viola Violet Virginia
		Waynelle Wendy Willa Winnie Winona
	}

	cadet_dynasty_names = {
        "dynn_Adkins"
        "dynn_Adkison"
        "dynn_Ake"
        "dynn_Akridge"
        "dynn_Alawine"
        "dynn_Alday"
        "dynn_Alexander"
        "dynn_Alford"
        "dynn_Algood"
        "dynn_Allday"
        "dynn_Allegri"
        "dynn_Allen"
        "dynn_Allsup"
        "dynn_Amerson"
        "dynn_Amison"
        "dynn_Anderson"
        "dynn_Andrade"
        "dynn_Anglin"
        "dynn_Aplin"
        "dynn_Ard"
        "dynn_Aricer"
        "dynn_Armstrong"
        "dynn_Arnette"
        "dynn_Arrington"
        "dynn_Ash"
        "dynn_Atkins"
        "dynn_Attaway"
        "dynn_Babuchna"
        "dynn_Baggett"
        "dynn_Bailey"
        "dynn_Baker"
        "dynn_Barbee"
        "dynn_Barber"
        "dynn_Barfield"
        "dynn_Barineau"
        "dynn_Barlow"
        "dynn_Barnes"
        "dynn_Barrett"
        "dynn_Barrington"
        "dynn_Barron"
        "dynn_Bartosh"
        "dynn_Bass"
        "dynn_Batchelor"
        "dynn_Bateman"
        "dynn_Bauldree"
        "dynn_Baxley"
        "dynn_Beard"
        "dynn_Beatty"
        "dynn_Beauchamp"
        "dynn_Beck"
        "dynn_Beckham"
        "dynn_Bedgood"
        "dynn_Beebe"
        "dynn_Beech"
        "dynn_Begue"
        "dynn_Bell"
        "dynn_Bellamy"
        "dynn_Bellcase"
        "dynn_Bemis"
        "dynn_Bendolph"
        "dynn_Benjamin"
        "dynn_Bennett"
        "dynn_Bentley"
        "dynn_Berry"
        "dynn_Bertagnolli"
        "dynn_Bexley"
        "dynn_Bidwell"
        "dynn_Birge"
        "dynn_Bishop"
        "dynn_Black"
        "dynn_Blacklidge"
        "dynn_Blackmon"
        "dynn_Blackston"
        "dynn_Blair"
        "dynn_Blalock"
        "dynn_Bland"
        "dynn_Blankenship"
        "dynn_Blaylock"
        "dynn_Bloodworth"
        "dynn_Boatright"
        "dynn_Bodiford"
        "dynn_Boggess"
        "dynn_Bohnhoff"
        "dynn_Boland"
        "dynn_Bollow"
        "dynn_Bolton"
        "dynn_Bondurant"
        "dynn_Bonifay"
        "dynn_Bonner"
        "dynn_Bontrager"
        "dynn_Boone"
        "dynn_Boothe"
        "dynn_Borders"
        "dynn_Borganelli"
        "dynn_Bosarge"
        "dynn_Boswell"
        "dynn_Boudreaux"
        "dynn_Bouington"
        "dynn_Bouler"
        "dynn_Boulware"
        "dynn_Boutwell"
        "dynn_Bowen"
        "dynn_Bowman"
        "dynn_Boyd"
        "dynn_Boykin"
        "dynn_Bozeman"
        "dynn_Brabston"
        "dynn_Bradley"
        "dynn_Bramblett"
        "dynn_Brannon"
        "dynn_Brantley"
        "dynn_Brewer"
        "dynn_Bridges"
        "dynn_Brinson"
        "dynn_Briskman"
        "dynn_Broadhead"
        "dynn_Broadnax"
        "dynn_Broadus"
        "dynn_Broughton"
        "dynn_Broussard"
        "dynn_Brown"
        "dynn_Browning"
        "dynn_Broxton"
        "dynn_Broz"
        "dynn_Brumbley"
        "dynn_Bruner"
        "dynn_Bryant"
        "dynn_Buchanan"
        "dynn_Buckalew"
        "dynn_Buford"
        "dynn_Bui"
        "dynn_Bumpers"
        "dynn_Burch"
        "dynn_Burke"
        "dynn_Burkett"
        "dynn_Burnett"
        "dynn_Burns"
        "dynn_Burton"
        "dynn_Busbee"
        "dynn_Bush"
        "dynn_Buzzett"
        "dynn_Byrd"
        "dynn_Byrne"
        "dynn_Bystricky"
        "dynn_Cain"
        "dynn_Calametti"
        "dynn_Calvert"
        "dynn_Cannon"
        "dynn_Capps"
        "dynn_Capuano"
        "dynn_Carlisle"
        "dynn_Carmichael"
        "dynn_Carnathan"
        "dynn_Carney"
        "dynn_Carr"
        "dynn_Carraway"
        "dynn_Carroll"
        "dynn_Carson"
        "dynn_Carswell"
        "dynn_Carter"
        "dynn_Cassibry"
        "dynn_Cassidy"
        "dynn_Catchot"
        "dynn_Cauley"
        "dynn_Causey"
        "dynn_Cawthon"
        "dynn_Cazalas"
        "dynn_Chambers"
        "dynn_Chamblee"
        "dynn_Chancellor"
        "dynn_Chanthavane"
        "dynn_Chapman"
        "dynn_Chason"
        "dynn_Chastain"
        "dynn_Chastang"
        "dynn_Chasteen"
        "dynn_Chauncey"
        "dynn_Chavous"
        "dynn_Cherry"
        "dynn_Chess"
        "dynn_Chestang"
        "dynn_Chewning"
        "dynn_Chiepalich"
        "dynn_Childers"
        "dynn_Childress"
        "dynn_Chilszcyzk"
        "dynn_Chism"
        "dynn_Clausell"
        "dynn_Clayton"
        "dynn_Cleckley"
        "dynn_Clements"
        "dynn_Clemons"
        "dynn_Clenney"
        "dynn_Coale"
        "dynn_Coatney"
        "dynn_Cobb"
        "dynn_Cochran"
        "dynn_Coleman"
        "dynn_Collier"
        "dynn_Collins"
        "dynn_Colquette"
        "dynn_Comstock"
        "dynn_Confusione"
        "dynn_Congleton"
        "dynn_Conway"
        "dynn_Cooksey"
        "dynn_Cooper"
        "dynn_Copeland"
        "dynn_Corbin"
        "dynn_Corcoran"
        "dynn_Corley"
        "dynn_Costarides"
        "dynn_Cotton"
        "dynn_Coumanis"
        "dynn_Courson"
        "dynn_Cowart"
        "dynn_Cox"
        "dynn_Coxwell"
        "dynn_Crawford"
        "dynn_Creamer"
        "dynn_Creel"
        "dynn_Crocker"
        "dynn_Crockett"
        "dynn_Crosby"
        "dynn_Crosson"
        "dynn_Crosswire"
        "dynn_Croswell"
        "dynn_Crum"
        "dynn_Crumbliss"
        "dynn_Crumitie"
        "dynn_Crumity"
        "dynn_Crutchfield"
        "dynn_Cruthirds"
        "dynn_Cuchens"
        "dynn_Cuevas"
        "dynn_Culliver"
        "dynn_Cullman"
        "dynn_Cumbest"
        "dynn_Cumbie"
        "dynn_Cunningham"
        "dynn_Curry"
        "dynn_Cuyler"
        "dynn_Dalati"
        "dynn_Dannelly"
        "dynn_Danner"
        "dynn_Danzey"
        "dynn_Dauro"
        "dynn_Davenport"
        "dynn_Davis"
        "dynn_Dawsey"
        "dynn_Day"
        "dynn_Deakle"
        "dynn_Dean"
        "dynn_Dearborn"
        "dynn_Dearman"
        "dynn_Dearmon"
        "dynn_Deason"
        "dynn_Dedeaux"
        "dynn_Dees"
        "dynn_Deese"
        "dynn_Dellacer"
        "dynn_Demarais"
        "dynn_Demeranville"
        "dynn_Denmark"
        "dynn_Denton"
        "dynn_Derouen"
        "dynn_Devine"
        "dynn_Dewrell"
        "dynn_Diamond"
        "dynn_Diaz"
        "dynn_Dickey"
        "dynn_Divinity"
        "dynn_Dixon"
        "dynn_Dodson"
        "dynn_Donald"
        "dynn_Doolittle"
        "dynn_Dortch"
        "dynn_Douglas"
        "dynn_Downum"
        "dynn_Drake"
        "dynn_Driggers"
        "dynn_Drummond"
        "dynn_Dubose"
        "dynn_Dubuisson"
        "dynn_Duck"
        "dynn_Ducksworth"
        "dynn_Duggar"
        "dynn_Dumas"
        "dynn_Dunbar"
        "dynn_Duncan"
        "dynn_Dunnam"
        "dynn_Durrance"
        "dynn_Dykes"
        "dynn_Earley"
        "dynn_Eason"
        "dynn_Eastman"
        "dynn_Ebersole"
        "dynn_Eckhoff"
        "dynn_Edenfield"
        "dynn_Edensfield"
        "dynn_Edmonds"
        "dynn_Eikeland"
        "dynn_Eldridge"
        "dynn_Eleuterius"
        "dynn_Ellis"
        "dynn_Ellison"
        "dynn_Ellisor"
        "dynn_Elmore"
        "dynn_Elsevier"
        "dynn_Enfinger"
        "dynn_Engram"
        "dynn_Entrekin"
        "dynn_Epperson"
        "dynn_Epps"
        "dynn_Eskridge"
        "dynn_Estes"
        "dynn_Ethridge"
        "dynn_Eubanks"
        "dynn_Everett"
        "dynn_Ezell"
        "dynn_Faircloth"
        "dynn_Fairley"
        "dynn_Farmer"
        "dynn_Faust"
        "dynn_Fayard"
        "dynn_Fazzio"
        "dynn_Fechtler"
        "dynn_Ferguson"
        "dynn_Fetner"
        "dynn_Feurtado"
        "dynn_Fillingame"
        "dynn_Fillingim"
        "dynn_Fillyaw"
        "dynn_Finch"
        "dynn_Finklea"
        "dynn_Fisher"
        "dynn_Flanders"
        "dynn_Fleeton"
        "dynn_Fletcher"
        "dynn_Flickinger"
        "dynn_Flowers"
        "dynn_Floyd"
        "dynn_Fokakis"
        "dynn_Folsom"
        "dynn_Fontenot"
        "dynn_Ford"
        "dynn_Forehand"
        "dynn_Forsythe"
        "dynn_Fortner"
        "dynn_Fortune"
        "dynn_Foster"
        "dynn_Fountain"
        "dynn_Fowler"
        "dynn_Foxworth"
        "dynn_Franklin"
        "dynn_Frasier"
        "dynn_Frazier"
        "dynn_Frederic"
        "dynn_Freed"
        "dynn_French"
        "dynn_Frost"
        "dynn_Fryfogle"
        "dynn_Fugate"
        "dynn_Fulmer"
        "dynn_Fuqua"
        "dynn_Futch"
        "dynn_Gable"
        "dynn_Gagliano"
        "dynn_Gainer"
        "dynn_Gainey"
        "dynn_Gainous"
        "dynn_Galle"
        "dynn_Galloway"
        "dynn_Gant"
        "dynn_Garcia"
        "dynn_Gardner"
        "dynn_Garrard"
        "dynn_Gaskin"
        "dynn_Gathers"
        "dynn_Gatwood"
        "dynn_Gautney"
        "dynn_Gay"
        "dynn_Geohagan"
        "dynn_Gibbs"
        "dynn_Gibson"
        "dynn_Gilberry"
        "dynn_Gilbert"
        "dynn_Giles"
        "dynn_Gillespie"
        "dynn_Gilley"
        "dynn_Gilmore"
        "dynn_Givens"
        "dynn_Glass"
        "dynn_Godwin"
        "dynn_Goff"
        "dynn_Golden"
        "dynn_Gollott"
        "dynn_Golston"
        "dynn_Gomillion"
        "dynn_Gonzalez"
        "dynn_Goodson"
        "dynn_Goodwin"
        "dynn_Gortman"
        "dynn_Gorum"
        "dynn_Graham"
        "dynn_Granger"
        "dynn_Grant"
        "dynn_Grantham"
        "dynn_Graves"
        "dynn_Grayson"
        "dynn_Greene"
        "dynn_Greenkorn"
        "dynn_Greer"
        "dynn_Griffin"
        "dynn_Griggers"
        "dynn_Grimes"
        "dynn_Gruich"
        "dynn_Guarisco"
        "dynn_Guilford"
        "dynn_Guillory"
        "dynn_Gulley"
        "dynn_Gurganus"
        "dynn_Guthans"
        "dynn_Haddock"
        "dynn_Haley"
        "dynn_Hallett"
        "dynn_Hamburg"
        "dynn_Hamlin"
        "dynn_Hammock"
        "dynn_Hamner"
        "dynn_Hamrac"
        "dynn_Hancock"
        "dynn_Hand"
        "dynn_Hannah"
        "dynn_Hardenbrook"
        "dynn_Hardin"
        "dynn_Hardy"
        "dynn_Hargis"
        "dynn_Harper"
        "dynn_Harrell"
        "dynn_Harrelson"
        "dynn_Hartley"
        "dynn_Hartzog"
        "dynn_Harvey"
        "dynn_Hathaway"
        "dynn_Havard"
        "dynn_Havel"
        "dynn_Hawkins"
        "dynn_Hayes"
        "dynn_Hazard"
        "dynn_Heath"
        "dynn_Hedberg"
        "dynn_Helmsing"
        "dynn_Helton"
        "dynn_Helveston"
        "dynn_Hempstead"
        "dynn_Hendershot"
        "dynn_Henderson"
        "dynn_Hendrix"
        "dynn_Henebry"
        "dynn_Herbert"
        "dynn_Hermecz"
        "dynn_Hernandez"
        "dynn_Herrin"
        "dynn_Herring"
        "dynn_Herrington"
        "dynn_Hickman"
        "dynn_Hicks"
        "dynn_Higginbotham"
        "dynn_Hightower"
        "dynn_Hilliard"
        "dynn_Hinds"
        "dynn_Hinson"
        "dynn_Hinton"
        "dynn_Hixon"
        "dynn_Hodge"
        "dynn_Hodnette"
        "dynn_Holifield"
        "dynn_Holland"
        "dynn_Holley"
        "dynn_Hollinghead"
        "dynn_Hollis"
        "dynn_Holloway"
        "dynn_Hopkins"
        "dynn_Hopper"
        "dynn_Horne"
        "dynn_Horton"
        "dynn_Hosford"
        "dynn_Houston"
        "dynn_Howard"
        "dynn_Howell"
        "dynn_Hudson"
        "dynn_Hughes"
        "dynn_Hungerford"
        "dynn_Hunt"
        "dynn_Hunter"
        "dynn_Husband"
        "dynn_Hutchins"
        "dynn_Hybart"
        "dynn_Hysmith"
        "dynn_Ingram"
        "dynn_Ishee"
        "dynn_Jackson"
        "dynn_Jacobs"
        "dynn_James"
        "dynn_Jarman"
        "dynn_Jefferson"
        "dynn_Jeffries"
        "dynn_Jenkins"
        "dynn_Jerrells"
        "dynn_Joachim"
        "dynn_Johnson"
        "dynn_Joiner"
        "dynn_Jones"
        "dynn_Jordan"
        "dynn_Joyce"
        "dynn_Junior"
        "dynn_Kahalley"
        "dynn_Kaiser"
        "dynn_Keaton"
        "dynn_Kelker"
        "dynn_Kelley"
        "dynn_Kelly"
        "dynn_Kembro"
        "dynn_Kemp"
        "dynn_Kendall"
        "dynn_Kennedy"
        "dynn_Kennington"
        "dynn_Kervin"
        "dynn_Kessler"
        "dynn_Kihyet"
        "dynn_Killam"
        "dynn_Killingsworth"
        "dynn_Kimbrel"
        "dynn_King"
        "dynn_Kinnard"
        "dynn_Kinsey"
        "dynn_Kirksey"
        "dynn_Knapp"
        "dynn_Knizley"
        "dynn_Knowles"
        "dynn_Kolmetz"
        "dynn_Koon"
        "dynn_Kostelecky"
        "dynn_Kostmayer"
        "dynn_Krehling"
        "dynn_Kriser"
        "dynn_Krob"
        "dynn_Krohn"
        "dynn_Kucera"
        "dynn_Kulicka"
        "dynn_Kuykendall"
        "dynn_Kyser"
        "dynn_Lacoste"
        "dynn_Ladner"
        "dynn_Ladnier"
        "dynn_Lamb"
        "dynn_Lamberson"
        "dynn_Lamey"
        "dynn_Lander"
        "dynn_Landrum"
        "dynn_Landry"
        "dynn_Langston"
        "dynn_Lanier"
        "dynn_Laramore"
        "dynn_Lassitter"
        "dynn_Laurendine"
        "dynn_Lawson"
        "dynn_Layfield"
        "dynn_Lazzari"
        "dynn_Le"
        "dynn_Leatherwood"
        "dynn_Leavins"
        "dynn_LeBlanc"
        "dynn_Ledbetter"
        "dynn_Lee"
        "dynn_Leidigh"
        "dynn_Lepoma"
        "dynn_Lester"
        "dynn_Levins"
        "dynn_Liddicott"
        "dynn_Lightfoot"
        "dynn_Lindsey"
        "dynn_Linton"
        "dynn_Lipscomb"
        "dynn_Locke"
        "dynn_Lockley"
        "dynn_Lofton"
        "dynn_Lomers"
        "dynn_Longcrier"
        "dynn_Loomis"
        "dynn_Lopez"
        "dynn_Lovelace"
        "dynn_Lower"
        "dynn_Lowery"
        "dynn_Lucas"
        "dynn_Lucy"
        "dynn_Ludgood"
        "dynn_Ludlam"
        "dynn_Lundy"
        "dynn_Lyons"
        "dynn_Maddox"
        "dynn_Magee"
        "dynn_Magidson"
        "dynn_Mahathy"
        "dynn_Maholovich"
        "dynn_Mallette"
        "dynn_Malone"
        "dynn_Maloy"
        "dynn_Mamoran"
        "dynn_Manci"
        "dynn_Marbra"
        "dynn_Marks"
        "dynn_Marshall"
        "dynn_Martina"
        "dynn_Mashburn"
        "dynn_Massey"
        "dynn_Mathis"
        "dynn_Mauldin"
        "dynn_Maxwell"
        "dynn_May"
        "dynn_Mayhann"
        "dynn_McAdams"
        "dynn_McAlear"
        "dynn_McAlpin"
        "dynn_McArdle"
        "dynn_McBride"
        "dynn_McCain"
        "dynn_McCall"
        "dynn_McCardle"
        "dynn_McClain"
        "dynn_McClamma"
        "dynn_McClantoc"
        "dynn_McCloud"
        "dynn_McCovery"
        "dynn_McCranie"
        "dynn_McCrary"
        "dynn_McCroan"
        "dynn_McCurdy"
        "dynn_McDaniel"
        "dynn_McDonald"
        "dynn_McDonnell"
        "dynn_McDougald"
        "dynn_McDuffie"
        "dynn_McGaster"
        "dynn_McGilberry"
        "dynn_McGlamry"
        "dynn_McGlasker"
        "dynn_McGlothren"
        "dynn_McGough"
        "dynn_McGowan"
        "dynn_McGriggs"
        "dynn_McIlwain"
        "dynn_McInish"
        "dynn_McIntosh"
        "dynn_McKay"
        "dynn_McKee"
        "dynn_McKenzie"
        "dynn_McKinion"
        "dynn_McKinley"
        "dynn_McKinney"
        "dynn_McKinnie"
        "dynn_McKissick"
        "dynn_McLemore"
        "dynn_McLendon"
        "dynn_McLeod"
        "dynn_McMillan"
        "dynn_McMillion"
        "dynn_McNeil"
        "dynn_McPherson"
        "dynn_McQuagge"
        "dynn_McQueen"
        "dynn_McRee"
        "dynn_McVeay"
        "dynn_McWhirter"
        "dynn_Mears"
        "dynn_Meeks"
        "dynn_Megginson"
        "dynn_Meinhardt"
        "dynn_Melvin"
        "dynn_Meredith"
        "dynn_Merritt"
        "dynn_Methvin"
        "dynn_Midgorden"
        "dynn_Mikkelsen"
        "dynn_Millender"
        "dynn_Miller"
        "dynn_Mims"
        "dynn_Miner"
        "dynn_Minger"
        "dynn_Mioton"
        "dynn_Missildine"
        "dynn_Mitchum"
        "dynn_Mitkevicius"
        "dynn_Mixon"
        "dynn_Mize"
        "dynn_Mizell"
        "dynn_Moffett"
        "dynn_Moncure"
        "dynn_Monroe"
        "dynn_Montana"
        "dynn_Montgomery"
        "dynn_Mooney"
        "dynn_Moore"
        "dynn_Moorer"
        "dynn_Moravec"
        "dynn_Mordica"
        "dynn_Morgan"
        "dynn_Mork"
        "dynn_Morris"
        "dynn_Morrison"
        "dynn_Morrissette"
        "dynn_Moseley"
        "dynn_Mosley"
        "dynn_Mund"
        "dynn_Munden"
        "dynn_Murnan"
        "dynn_Murphy"
        "dynn_Murray"
        "dynn_Musgrave"
        "dynn_Myers"
        "dynn_Myles"
        "dynn_Myrick"
        "dynn_Nabholz"
        "dynn_Nabors"
        "dynn_Naman"
        "dynn_Nasakaitis"
        "dynn_Nelson"
        "dynn_Nettles"
        "dynn_Newberry"
        "dynn_Newman"
        "dynn_Newsome"
        "dynn_Nguyen"
        "dynn_Nickson"
        "dynn_Nicovich"
        "dynn_Nimityongksul"
        "dynn_Nissley"
        "dynn_Nixon"
        "dynn_Nobles"
        "dynn_Nolin"
        "dynn_Noonan"
        "dynn_Norris"
        "dynn_Norton"
        "dynn_Novak"
        "dynn_Nowling"
        "dynn_Nunery"
        "dynn_O_pst_Bryan"
        "dynn_O_pst_Gwynn"
        "dynn_O_pst_Neal"
        "dynn_Oberkirch"
        "dynn_Odom"
        "dynn_Oglesby"
        "dynn_Olewnik"
        "dynn_Onderdonk"
        "dynn_Ortiz"
        "dynn_Osborn"
        "dynn_Osteen"
        "dynn_Oswald"
        "dynn_Overbey"
        "dynn_Pace"
        "dynn_Pacey"
        "dynn_Padgett"
        "dynn_Panayiotou"
        "dynn_Parham"
        "dynn_Parker"
        "dynn_Parks"
        "dynn_Parnell"
        "dynn_Parrish"
        "dynn_Parrott"
        "dynn_Parsells"
        "dynn_Parsley"
        "dynn_Pate"
        "dynn_Patrick"
        "dynn_Patterson"
        "dynn_Patton"
        "dynn_Pavolini"
        "dynn_Payne"
        "dynn_Peacock"
        "dynn_Peak"
        "dynn_Pearson"
        "dynn_Peavy"
        "dynn_Peddie"
        "dynn_Pendarvis"
        "dynn_Penton"
        "dynn_Pepper"
        "dynn_Perez"
        "dynn_Perrin"
        "dynn_Perritt"
        "dynn_Peterson"
        "dynn_Petro"
        "dynn_Petroutson"
        "dynn_Pettibone"
        "dynn_Pettis"
        "dynn_Peturis"
        "dynn_Pham"
        "dynn_Pharr"
        "dynn_Phillips"
        "dynn_Pickers"
        "dynn_Pickron"
        "dynn_Piergiovanni"
        "dynn_Pierre"
        "dynn_Pilkington"
        "dynn_Ping"
        "dynn_Pintarelli"
        "dynn_Pippin"
        "dynn_Pittman"
        "dynn_Pitts"
        "dynn_Pizzotti"
        "dynn_Plummer"
        "dynn_Plymel"
        "dynn_Polk"
        "dynn_Poloronis"
        "dynn_Pope"
        "dynn_Porter"
        "dynn_Posey"
        "dynn_Potmesil"
        "dynn_Powe"
        "dynn_Powell"
        "dynn_Presnell"
        "dynn_Preston"
        "dynn_Previto"
        "dynn_Price"
        "dynn_Pridgeon"
        "dynn_Proffitt"
        "dynn_Pryear"
        "dynn_Puckett"
        "dynn_Pugh"
        "dynn_Pullam"
        "dynn_Pumphrey"
        "dynn_Purcell"
        "dynn_Putnal"
        "dynn_Pyburn"
        "dynn_Pylate"
        "dynn_Qualls"
        "dynn_Quaranta"
        "dynn_Quave"
        "dynn_Quigley"
        "dynn_Quinnelly"
        "dynn_Quinnie"
        "dynn_Quinsey"
        "dynn_Rabon"
        "dynn_Rabren"
        "dynn_Radford"
        "dynn_Raffeo"
        "dynn_Raffield"
        "dynn_Ramsey"
        "dynn_Randall"
        "dynn_Raspberry"
        "dynn_Rathel"
        "dynn_Rawsthorn"
        "dynn_Ray"
        "dynn_Raymond"
        "dynn_Reams"
        "dynn_Rease"
        "dynn_Reddick"
        "dynn_Redenbacher"
        "dynn_Reed"
        "dynn_Reeves"
        "dynn_Register"
        "dynn_Reid"
        "dynn_Reihsmann"
        "dynn_Retherford"
        "dynn_Revels"
        "dynn_Rezner"
        "dynn_Rhames"
        "dynn_Rhodes"
        "dynn_Rials"
        "dynn_Rice"
        "dynn_Richardson"
        "dynn_Richburg"
        "dynn_Rivera"
        "dynn_Robbins"
        "dynn_Roberson"
        "dynn_Roberts"
        "dynn_Rochelle"
        "dynn_Roddenberry"
        "dynn_Rodriguez"
        "dynn_Rogers"
        "dynn_Roland"
        "dynn_Rollo"
        "dynn_Romero"
        "dynn_Rosetti"
        "dynn_Ross"
        "dynn_Rouse"
        "dynn_Rowser"
        "dynn_Ruggs"
        "dynn_Rushing"
        "dynn_Rygula"
        "dynn_Saad"
        "dynn_Saliba"
        "dynn_Salter"
        "dynn_Samford"
        "dynn_Sandlin"
        "dynn_Sasnett"
        "dynn_Sasser"
        "dynn_Savage"
        "dynn_Scallion"
        "dynn_Scarborough"
        "dynn_Schambeau"
        "dynn_Schmidtling"
        "dynn_Schoelles"
        "dynn_Schonewitz"
        "dynn_Schoniwitz"
        "dynn_Sconiers"
        "dynn_Scrimpshire"
        "dynn_Scroggins"
        "dynn_Scruggs"
        "dynn_Seabrooks"
        "dynn_Seelhorst"
        "dynn_Seiffert"
        "dynn_Semmes"
        "dynn_Senterfitt"
        "dynn_Sessions"
        "dynn_Sewell"
        "dynn_Seymour"
        "dynn_Shabazz"
        "dynn_Shackleford"
        "dynn_Shakespeare"
        "dynn_Shambo"
        "dynn_Shamburger"
        "dynn_Shanahan"
        "dynn_Shaw"
        "dynn_Sheffield"
        "dynn_Sheppard"
        "dynn_Shingler"
        "dynn_Shiver"
        "dynn_Shoemaker"
        "dynn_Shumaker"
        "dynn_Shutt"
        "dynn_Sikes"
        "dynn_Silcox"
        "dynn_Silsbee"
        "dynn_Silver"
        "dynn_Simmons"
        "dynn_Simpson"
        "dynn_Sims"
        "dynn_Singletary"
        "dynn_Singleton"
        "dynn_Sirmon"
        "dynn_Sizemore"
        "dynn_Slay"
        "dynn_Smiley"
        "dynn_Smoots"
        "dynn_Snasel"
        "dynn_Snedeker"
        "dynn_Snipes"
        "dynn_Snyder"
        "dynn_Sowell"
        "dynn_Spafford"
        "dynn_Spain"
        "dynn_Sparks"
        "dynn_Spivey"
        "dynn_Spradley"
        "dynn_Squires"
        "dynn_Stafford"
        "dynn_Staggs"
        "dynn_Standifer"
        "dynn_Standridge"
        "dynn_Stanfield"
        "dynn_Stanford"
        "dynn_Stanley"
        "dynn_Starling"
        "dynn_Statkewicz"
        "dynn_Stauter"
        "dynn_Steele"
        "dynn_Stejskal"
        "dynn_Stephens"
        "dynn_Stevens"
        "dynn_Steverson"
        "dynn_Stewart"
        "dynn_Stockstill"
        "dynn_Stokes"
        "dynn_Stone"
        "dynn_Stonnington"
        "dynn_Stoutamire"
        "dynn_Strange"
        "dynn_Strayham"
        "dynn_Strehle"
        "dynn_Strength"
        "dynn_Strickland"
        "dynn_Stringfellow"
        "dynn_Stripling"
        "dynn_Sudduth"
        "dynn_Sudeiha"
        "dynn_Suggs"
        "dynn_Sullivan"
        "dynn_Summerlin"
        "dynn_Summers"
        "dynn_Sumrall"
        "dynn_Swanzy"
        "dynn_Swearington"
        "dynn_Sweetman"
        "dynn_Swift"
        "dynn_Swords"
        "dynn_Sykes"
        "dynn_Taite"
        "dynn_Tankersley"
        "dynn_Tapper"
        "dynn_Tatum"
        "dynn_Taunton"
        "dynn_Taylor"
        "dynn_Teague"
        "dynn_Temples"
        "dynn_Teplick"
        "dynn_Terry"
        "dynn_Tew"
        "dynn_Tharp"
        "dynn_Thickbroom"
        "dynn_Thompson"
        "dynn_Thornhill"
        "dynn_Thornton"
        "dynn_Thrash"
        "dynn_Thrower"
        "dynn_Thursby"
        "dynn_Tiblier"
        "dynn_Tipton"
        "dynn_Toche"
        "dynn_Todd"
        "dynn_Tolbert"
        "dynn_Tolliver"
        "dynn_Tomlinson"
        "dynn_Toole"
        "dynn_Townsend"
        "dynn_Tran"
        "dynn_Trawick"
        "dynn_Trehern"
        "dynn_Trimble"
        "dynn_Triplett"
        "dynn_Trochesset"
        "dynn_Tumlin"
        "dynn_Turner"
        "dynn_Tyus"
        "dynn_Uchello"
        "dynn_Ulee"
        "dynn_Umbrianna"
        "dynn_Underwood"
        "dynn_Uptagrafft"
        "dynn_Urbati"
        "dynn_Vail"
        "dynn_Valentine"
        "dynn_Van_Lierop"
        "dynn_Vanaernam"
        "dynn_Vanlandingham"
        "dynn_Vanloock"
        "dynn_Vann"
        "dynn_Varnadore"
        "dynn_Varnes"
        "dynn_Varnum"
        "dynn_Vasko"
        "dynn_Vaughn"
        "dynn_Versiga"
        "dynn_Vettatoe"
        "dynn_Vickers"
        "dynn_Vickery"
        "dynn_Vicks"
        "dynn_Vinson"
        "dynn_Vulevich"
        "dynn_Waddell"
        "dynn_Walding"
        "dynn_Waldorff"
        "dynn_Waldrop"
        "dynn_Walker"
        "dynn_Wallace"
        "dynn_Walley"
        "dynn_Walsingham"
        "dynn_Waltman"
        "dynn_Wangerin"
        "dynn_Warnsley"
        "dynn_Washington"
        "dynn_Waters"
        "dynn_Watson"
        "dynn_Watts"
        "dynn_Weatherspoon"
        "dynn_Weaver"
        "dynn_Webb"
        "dynn_Wedgeworth"
        "dynn_Weekley"
        "dynn_Weeks"
        "dynn_Weinacker"
        "dynn_Welch"
        "dynn_Weller"
        "dynn_Wells"
        "dynn_Weninegar"
        "dynn_Wentworth"
        "dynn_Wescovich"
        "dynn_Weston"
        "dynn_Westry"
        "dynn_Whatley"
        "dynn_Whitaker"
        "dynn_Whitby"
        "dynn_Whitehead"
        "dynn_Whitehurst"
        "dynn_Whitfield"
        "dynn_Whittington"
        "dynn_Wickersham"
        "dynn_Wiggins"
        "dynn_Wilkerson"
        "dynn_Willingham"
        "dynn_Wimberley"
        "dynn_Winburn"
        "dynn_Windham"
        "dynn_Wirick"
        "dynn_Witherington"
        "dynn_Wolfenden"
        "dynn_Womack"
        "dynn_Womble"
        "dynn_Wood"
        "dynn_Woodard"
        "dynn_Woodham"
        "dynn_Woodyard"
        "dynn_Worley"
        "dynn_Worthington"
        "dynn_Woullard"
        "dynn_Wright"
        "dynn_Wrightington"
        "dynn_Wyatt"
        "dynn_Wyckoff"
        "dynn_Wynn"
        "dynn_Yarbrough"
        "dynn_Yates"
        "dynn_Yelder"
        "dynn_Yelding"
        "dynn_Yon"
        "dynn_York"
        "dynn_Younce"
        "dynn_Zingarelli"
        "dynn_Zoghby"
	}
	
	dynasty_names = {
        "dynn_Adkins"
        "dynn_Adkison"
        "dynn_Ake"
        "dynn_Akridge"
        "dynn_Alawine"
        "dynn_Alday"
        "dynn_Alexander"
        "dynn_Alford"
        "dynn_Algood"
        "dynn_Allday"
        "dynn_Allegri"
        "dynn_Allen"
        "dynn_Allsup"
        "dynn_Amerson"
        "dynn_Amison"
        "dynn_Anderson"
        "dynn_Andrade"
        "dynn_Anglin"
        "dynn_Aplin"
        "dynn_Ard"
        "dynn_Aricer"
        "dynn_Armstrong"
        "dynn_Arnette"
        "dynn_Arrington"
        "dynn_Ash"
        "dynn_Atkins"
        "dynn_Attaway"
        "dynn_Babuchna"
        "dynn_Baggett"
        "dynn_Bailey"
        "dynn_Baker"
        "dynn_Barbee"
        "dynn_Barber"
        "dynn_Barfield"
        "dynn_Barineau"
        "dynn_Barlow"
        "dynn_Barnes"
        "dynn_Barrett"
        "dynn_Barrington"
        "dynn_Barron"
        "dynn_Bartosh"
        "dynn_Bass"
        "dynn_Batchelor"
        "dynn_Bateman"
        "dynn_Bauldree"
        "dynn_Baxley"
        "dynn_Beard"
        "dynn_Beatty"
        "dynn_Beauchamp"
        "dynn_Beck"
        "dynn_Beckham"
        "dynn_Bedgood"
        "dynn_Beebe"
        "dynn_Beech"
        "dynn_Begue"
        "dynn_Bell"
        "dynn_Bellamy"
        "dynn_Bellcase"
        "dynn_Bemis"
        "dynn_Bendolph"
        "dynn_Benjamin"
        "dynn_Bennett"
        "dynn_Bentley"
        "dynn_Berry"
        "dynn_Bertagnolli"
        "dynn_Bexley"
        "dynn_Bidwell"
        "dynn_Birge"
        "dynn_Bishop"
        "dynn_Black"
        "dynn_Blacklidge"
        "dynn_Blackmon"
        "dynn_Blackston"
        "dynn_Blair"
        "dynn_Blalock"
        "dynn_Bland"
        "dynn_Blankenship"
        "dynn_Blaylock"
        "dynn_Bloodworth"
        "dynn_Boatright"
        "dynn_Bodiford"
        "dynn_Boggess"
        "dynn_Bohnhoff"
        "dynn_Boland"
        "dynn_Bollow"
        "dynn_Bolton"
        "dynn_Bondurant"
        "dynn_Bonifay"
        "dynn_Bonner"
        "dynn_Bontrager"
        "dynn_Boone"
        "dynn_Boothe"
        "dynn_Borders"
        "dynn_Borganelli"
        "dynn_Bosarge"
        "dynn_Boswell"
        "dynn_Boudreaux"
        "dynn_Bouington"
        "dynn_Bouler"
        "dynn_Boulware"
        "dynn_Boutwell"
        "dynn_Bowen"
        "dynn_Bowman"
        "dynn_Boyd"
        "dynn_Boykin"
        "dynn_Bozeman"
        "dynn_Brabston"
        "dynn_Bradley"
        "dynn_Bramblett"
        "dynn_Brannon"
        "dynn_Brantley"
        "dynn_Brewer"
        "dynn_Bridges"
        "dynn_Brinson"
        "dynn_Briskman"
        "dynn_Broadhead"
        "dynn_Broadnax"
        "dynn_Broadus"
        "dynn_Broughton"
        "dynn_Broussard"
        "dynn_Brown"
        "dynn_Browning"
        "dynn_Broxton"
        "dynn_Broz"
        "dynn_Brumbley"
        "dynn_Bruner"
        "dynn_Bryant"
        "dynn_Buchanan"
        "dynn_Buckalew"
        "dynn_Buford"
        "dynn_Bui"
        "dynn_Bumpers"
        "dynn_Burch"
        "dynn_Burke"
        "dynn_Burkett"
        "dynn_Burnett"
        "dynn_Burns"
        "dynn_Burton"
        "dynn_Busbee"
        "dynn_Bush"
        "dynn_Buzzett"
        "dynn_Byrd"
        "dynn_Byrne"
        "dynn_Bystricky"
        "dynn_Cain"
        "dynn_Calametti"
        "dynn_Calvert"
        "dynn_Cannon"
        "dynn_Capps"
        "dynn_Capuano"
        "dynn_Carlisle"
        "dynn_Carmichael"
        "dynn_Carnathan"
        "dynn_Carney"
        "dynn_Carr"
        "dynn_Carraway"
        "dynn_Carroll"
        "dynn_Carson"
        "dynn_Carswell"
        "dynn_Carter"
        "dynn_Cassibry"
        "dynn_Cassidy"
        "dynn_Catchot"
        "dynn_Cauley"
        "dynn_Causey"
        "dynn_Cawthon"
        "dynn_Cazalas"
        "dynn_Chambers"
        "dynn_Chamblee"
        "dynn_Chancellor"
        "dynn_Chanthavane"
        "dynn_Chapman"
        "dynn_Chason"
        "dynn_Chastain"
        "dynn_Chastang"
        "dynn_Chasteen"
        "dynn_Chauncey"
        "dynn_Chavous"
        "dynn_Cherry"
        "dynn_Chess"
        "dynn_Chestang"
        "dynn_Chewning"
        "dynn_Chiepalich"
        "dynn_Childers"
        "dynn_Childress"
        "dynn_Chilszcyzk"
        "dynn_Chism"
        "dynn_Clausell"
        "dynn_Clayton"
        "dynn_Cleckley"
        "dynn_Clements"
        "dynn_Clemons"
        "dynn_Clenney"
        "dynn_Coale"
        "dynn_Coatney"
        "dynn_Cobb"
        "dynn_Cochran"
        "dynn_Coleman"
        "dynn_Collier"
        "dynn_Collins"
        "dynn_Colquette"
        "dynn_Comstock"
        "dynn_Confusione"
        "dynn_Congleton"
        "dynn_Conway"
        "dynn_Cooksey"
        "dynn_Cooper"
        "dynn_Copeland"
        "dynn_Corbin"
        "dynn_Corcoran"
        "dynn_Corley"
        "dynn_Costarides"
        "dynn_Cotton"
        "dynn_Coumanis"
        "dynn_Courson"
        "dynn_Cowart"
        "dynn_Cox"
        "dynn_Coxwell"
        "dynn_Crawford"
        "dynn_Creamer"
        "dynn_Creel"
        "dynn_Crocker"
        "dynn_Crockett"
        "dynn_Crosby"
        "dynn_Crosson"
        "dynn_Crosswire"
        "dynn_Croswell"
        "dynn_Crum"
        "dynn_Crumbliss"
        "dynn_Crumitie"
        "dynn_Crumity"
        "dynn_Crutchfield"
        "dynn_Cruthirds"
        "dynn_Cuchens"
        "dynn_Cuevas"
        "dynn_Culliver"
        "dynn_Cullman"
        "dynn_Cumbest"
        "dynn_Cumbie"
        "dynn_Cunningham"
        "dynn_Curry"
        "dynn_Cuyler"
        "dynn_Dalati"
        "dynn_Dannelly"
        "dynn_Danner"
        "dynn_Danzey"
        "dynn_Dauro"
        "dynn_Davenport"
        "dynn_Davis"
        "dynn_Dawsey"
        "dynn_Day"
        "dynn_Deakle"
        "dynn_Dean"
        "dynn_Dearborn"
        "dynn_Dearman"
        "dynn_Dearmon"
        "dynn_Deason"
        "dynn_Dedeaux"
        "dynn_Dees"
        "dynn_Deese"
        "dynn_Dellacer"
        "dynn_Demarais"
        "dynn_Demeranville"
        "dynn_Denmark"
        "dynn_Denton"
        "dynn_Derouen"
        "dynn_Devine"
        "dynn_Dewrell"
        "dynn_Diamond"
        "dynn_Diaz"
        "dynn_Dickey"
        "dynn_Divinity"
        "dynn_Dixon"
        "dynn_Dodson"
        "dynn_Donald"
        "dynn_Doolittle"
        "dynn_Dortch"
        "dynn_Douglas"
        "dynn_Downum"
        "dynn_Drake"
        "dynn_Driggers"
        "dynn_Drummond"
        "dynn_Dubose"
        "dynn_Dubuisson"
        "dynn_Duck"
        "dynn_Ducksworth"
        "dynn_Duggar"
        "dynn_Dumas"
        "dynn_Dunbar"
        "dynn_Duncan"
        "dynn_Dunnam"
        "dynn_Durrance"
        "dynn_Dykes"
        "dynn_Earley"
        "dynn_Eason"
        "dynn_Eastman"
        "dynn_Ebersole"
        "dynn_Eckhoff"
        "dynn_Edenfield"
        "dynn_Edensfield"
        "dynn_Edmonds"
        "dynn_Eikeland"
        "dynn_Eldridge"
        "dynn_Eleuterius"
        "dynn_Ellis"
        "dynn_Ellison"
        "dynn_Ellisor"
        "dynn_Elmore"
        "dynn_Elsevier"
        "dynn_Enfinger"
        "dynn_Engram"
        "dynn_Entrekin"
        "dynn_Epperson"
        "dynn_Epps"
        "dynn_Eskridge"
        "dynn_Estes"
        "dynn_Ethridge"
        "dynn_Eubanks"
        "dynn_Everett"
        "dynn_Ezell"
        "dynn_Faircloth"
        "dynn_Fairley"
        "dynn_Farmer"
        "dynn_Faust"
        "dynn_Fayard"
        "dynn_Fazzio"
        "dynn_Fechtler"
        "dynn_Ferguson"
        "dynn_Fetner"
        "dynn_Feurtado"
        "dynn_Fillingame"
        "dynn_Fillingim"
        "dynn_Fillyaw"
        "dynn_Finch"
        "dynn_Finklea"
        "dynn_Fisher"
        "dynn_Flanders"
        "dynn_Fleeton"
        "dynn_Fletcher"
        "dynn_Flickinger"
        "dynn_Flowers"
        "dynn_Floyd"
        "dynn_Fokakis"
        "dynn_Folsom"
        "dynn_Fontenot"
        "dynn_Ford"
        "dynn_Forehand"
        "dynn_Forsythe"
        "dynn_Fortner"
        "dynn_Fortune"
        "dynn_Foster"
        "dynn_Fountain"
        "dynn_Fowler"
        "dynn_Foxworth"
        "dynn_Franklin"
        "dynn_Frasier"
        "dynn_Frazier"
        "dynn_Frederic"
        "dynn_Freed"
        "dynn_French"
        "dynn_Frost"
        "dynn_Fryfogle"
        "dynn_Fugate"
        "dynn_Fulmer"
        "dynn_Fuqua"
        "dynn_Futch"
        "dynn_Gable"
        "dynn_Gagliano"
        "dynn_Gainer"
        "dynn_Gainey"
        "dynn_Gainous"
        "dynn_Galle"
        "dynn_Galloway"
        "dynn_Gant"
        "dynn_Garcia"
        "dynn_Gardner"
        "dynn_Garrard"
        "dynn_Gaskin"
        "dynn_Gathers"
        "dynn_Gatwood"
        "dynn_Gautney"
        "dynn_Gay"
        "dynn_Geohagan"
        "dynn_Gibbs"
        "dynn_Gibson"
        "dynn_Gilberry"
        "dynn_Gilbert"
        "dynn_Giles"
        "dynn_Gillespie"
        "dynn_Gilley"
        "dynn_Gilmore"
        "dynn_Givens"
        "dynn_Glass"
        "dynn_Godwin"
        "dynn_Goff"
        "dynn_Golden"
        "dynn_Gollott"
        "dynn_Golston"
        "dynn_Gomillion"
        "dynn_Gonzalez"
        "dynn_Goodson"
        "dynn_Goodwin"
        "dynn_Gortman"
        "dynn_Gorum"
        "dynn_Graham"
        "dynn_Granger"
        "dynn_Grant"
        "dynn_Grantham"
        "dynn_Graves"
        "dynn_Grayson"
        "dynn_Greene"
        "dynn_Greenkorn"
        "dynn_Greer"
        "dynn_Griffin"
        "dynn_Griggers"
        "dynn_Grimes"
        "dynn_Gruich"
        "dynn_Guarisco"
        "dynn_Guilford"
        "dynn_Guillory"
        "dynn_Gulley"
        "dynn_Gurganus"
        "dynn_Guthans"
        "dynn_Haddock"
        "dynn_Haley"
        "dynn_Hallett"
        "dynn_Hamburg"
        "dynn_Hamlin"
        "dynn_Hammock"
        "dynn_Hamner"
        "dynn_Hamrac"
        "dynn_Hancock"
        "dynn_Hand"
        "dynn_Hannah"
        "dynn_Hardenbrook"
        "dynn_Hardin"
        "dynn_Hardy"
        "dynn_Hargis"
        "dynn_Harper"
        "dynn_Harrell"
        "dynn_Harrelson"
        "dynn_Hartley"
        "dynn_Hartzog"
        "dynn_Harvey"
        "dynn_Hathaway"
        "dynn_Havard"
        "dynn_Havel"
        "dynn_Hawkins"
        "dynn_Hayes"
        "dynn_Hazard"
        "dynn_Heath"
        "dynn_Hedberg"
        "dynn_Helmsing"
        "dynn_Helton"
        "dynn_Helveston"
        "dynn_Hempstead"
        "dynn_Hendershot"
        "dynn_Henderson"
        "dynn_Hendrix"
        "dynn_Henebry"
        "dynn_Herbert"
        "dynn_Hermecz"
        "dynn_Hernandez"
        "dynn_Herrin"
        "dynn_Herring"
        "dynn_Herrington"
        "dynn_Hickman"
        "dynn_Hicks"
        "dynn_Higginbotham"
        "dynn_Hightower"
        "dynn_Hilliard"
        "dynn_Hinds"
        "dynn_Hinson"
        "dynn_Hinton"
        "dynn_Hixon"
        "dynn_Hodge"
        "dynn_Hodnette"
        "dynn_Holifield"
        "dynn_Holland"
        "dynn_Holley"
        "dynn_Hollinghead"
        "dynn_Hollis"
        "dynn_Holloway"
        "dynn_Hopkins"
        "dynn_Hopper"
        "dynn_Horne"
        "dynn_Horton"
        "dynn_Hosford"
        "dynn_Houston"
        "dynn_Howard"
        "dynn_Howell"
        "dynn_Hudson"
        "dynn_Hughes"
        "dynn_Hungerford"
        "dynn_Hunt"
        "dynn_Hunter"
        "dynn_Husband"
        "dynn_Hutchins"
        "dynn_Hybart"
        "dynn_Hysmith"
        "dynn_Ingram"
        "dynn_Ishee"
        "dynn_Jackson"
        "dynn_Jacobs"
        "dynn_James"
        "dynn_Jarman"
        "dynn_Jefferson"
        "dynn_Jeffries"
        "dynn_Jenkins"
        "dynn_Jerrells"
        "dynn_Joachim"
        "dynn_Johnson"
        "dynn_Joiner"
        "dynn_Jones"
        "dynn_Jordan"
        "dynn_Joyce"
        "dynn_Junior"
        "dynn_Kahalley"
        "dynn_Kaiser"
        "dynn_Keaton"
        "dynn_Kelker"
        "dynn_Kelley"
        "dynn_Kelly"
        "dynn_Kembro"
        "dynn_Kemp"
        "dynn_Kendall"
        "dynn_Kennedy"
        "dynn_Kennington"
        "dynn_Kervin"
        "dynn_Kessler"
        "dynn_Kihyet"
        "dynn_Killam"
        "dynn_Killingsworth"
        "dynn_Kimbrel"
        "dynn_King"
        "dynn_Kinnard"
        "dynn_Kinsey"
        "dynn_Kirksey"
        "dynn_Knapp"
        "dynn_Knizley"
        "dynn_Knowles"
        "dynn_Kolmetz"
        "dynn_Koon"
        "dynn_Kostelecky"
        "dynn_Kostmayer"
        "dynn_Krehling"
        "dynn_Kriser"
        "dynn_Krob"
        "dynn_Krohn"
        "dynn_Kucera"
        "dynn_Kulicka"
        "dynn_Kuykendall"
        "dynn_Kyser"
        "dynn_Lacoste"
        "dynn_Ladner"
        "dynn_Ladnier"
        "dynn_Lamb"
        "dynn_Lamberson"
        "dynn_Lamey"
        "dynn_Lander"
        "dynn_Landrum"
        "dynn_Landry"
        "dynn_Langston"
        "dynn_Lanier"
        "dynn_Laramore"
        "dynn_Lassitter"
        "dynn_Laurendine"
        "dynn_Lawson"
        "dynn_Layfield"
        "dynn_Lazzari"
        "dynn_Le"
        "dynn_Leatherwood"
        "dynn_Leavins"
        "dynn_LeBlanc"
        "dynn_Ledbetter"
        "dynn_Lee"
        "dynn_Leidigh"
        "dynn_Lepoma"
        "dynn_Lester"
        "dynn_Levins"
        "dynn_Liddicott"
        "dynn_Lightfoot"
        "dynn_Lindsey"
        "dynn_Linton"
        "dynn_Lipscomb"
        "dynn_Locke"
        "dynn_Lockley"
        "dynn_Lofton"
        "dynn_Lomers"
        "dynn_Longcrier"
        "dynn_Loomis"
        "dynn_Lopez"
        "dynn_Lovelace"
        "dynn_Lower"
        "dynn_Lowery"
        "dynn_Lucas"
        "dynn_Lucy"
        "dynn_Ludgood"
        "dynn_Ludlam"
        "dynn_Lundy"
        "dynn_Lyons"
        "dynn_Maddox"
        "dynn_Magee"
        "dynn_Magidson"
        "dynn_Mahathy"
        "dynn_Maholovich"
        "dynn_Mallette"
        "dynn_Malone"
        "dynn_Maloy"
        "dynn_Mamoran"
        "dynn_Manci"
        "dynn_Marbra"
        "dynn_Marks"
        "dynn_Marshall"
        "dynn_Martina"
        "dynn_Mashburn"
        "dynn_Massey"
        "dynn_Mathis"
        "dynn_Mauldin"
        "dynn_Maxwell"
        "dynn_May"
        "dynn_Mayhann"
        "dynn_McAdams"
        "dynn_McAlear"
        "dynn_McAlpin"
        "dynn_McArdle"
        "dynn_McBride"
        "dynn_McCain"
        "dynn_McCall"
        "dynn_McCardle"
        "dynn_McClain"
        "dynn_McClamma"
        "dynn_McClantoc"
        "dynn_McCloud"
        "dynn_McCovery"
        "dynn_McCranie"
        "dynn_McCrary"
        "dynn_McCroan"
        "dynn_McCurdy"
        "dynn_McDaniel"
        "dynn_McDonald"
        "dynn_McDonnell"
        "dynn_McDougald"
        "dynn_McDuffie"
        "dynn_McGaster"
        "dynn_McGilberry"
        "dynn_McGlamry"
        "dynn_McGlasker"
        "dynn_McGlothren"
        "dynn_McGough"
        "dynn_McGowan"
        "dynn_McGriggs"
        "dynn_McIlwain"
        "dynn_McInish"
        "dynn_McIntosh"
        "dynn_McKay"
        "dynn_McKee"
        "dynn_McKenzie"
        "dynn_McKinion"
        "dynn_McKinley"
        "dynn_McKinney"
        "dynn_McKinnie"
        "dynn_McKissick"
        "dynn_McLemore"
        "dynn_McLendon"
        "dynn_McLeod"
        "dynn_McMillan"
        "dynn_McMillion"
        "dynn_McNeil"
        "dynn_McPherson"
        "dynn_McQuagge"
        "dynn_McQueen"
        "dynn_McRee"
        "dynn_McVeay"
        "dynn_McWhirter"
        "dynn_Mears"
        "dynn_Meeks"
        "dynn_Megginson"
        "dynn_Meinhardt"
        "dynn_Melvin"
        "dynn_Meredith"
        "dynn_Merritt"
        "dynn_Methvin"
        "dynn_Midgorden"
        "dynn_Mikkelsen"
        "dynn_Millender"
        "dynn_Miller"
        "dynn_Mims"
        "dynn_Miner"
        "dynn_Minger"
        "dynn_Mioton"
        "dynn_Missildine"
        "dynn_Mitchum"
        "dynn_Mitkevicius"
        "dynn_Mixon"
        "dynn_Mize"
        "dynn_Mizell"
        "dynn_Moffett"
        "dynn_Moncure"
        "dynn_Monroe"
        "dynn_Montana"
        "dynn_Montgomery"
        "dynn_Mooney"
        "dynn_Moore"
        "dynn_Moorer"
        "dynn_Moravec"
        "dynn_Mordica"
        "dynn_Morgan"
        "dynn_Mork"
        "dynn_Morris"
        "dynn_Morrison"
        "dynn_Morrissette"
        "dynn_Moseley"
        "dynn_Mosley"
        "dynn_Mund"
        "dynn_Munden"
        "dynn_Murnan"
        "dynn_Murphy"
        "dynn_Murray"
        "dynn_Musgrave"
        "dynn_Myers"
        "dynn_Myles"
        "dynn_Myrick"
        "dynn_Nabholz"
        "dynn_Nabors"
        "dynn_Naman"
        "dynn_Nasakaitis"
        "dynn_Nelson"
        "dynn_Nettles"
        "dynn_Newberry"
        "dynn_Newman"
        "dynn_Newsome"
        "dynn_Nguyen"
        "dynn_Nickson"
        "dynn_Nicovich"
        "dynn_Nimityongksul"
        "dynn_Nissley"
        "dynn_Nixon"
        "dynn_Nobles"
        "dynn_Nolin"
        "dynn_Noonan"
        "dynn_Norris"
        "dynn_Norton"
        "dynn_Novak"
        "dynn_Nowling"
        "dynn_Nunery"
        "dynn_O_pst_Bryan"
        "dynn_O_pst_Gwynn"
        "dynn_O_pst_Neal"
        "dynn_Oberkirch"
        "dynn_Odom"
        "dynn_Oglesby"
        "dynn_Olewnik"
        "dynn_Onderdonk"
        "dynn_Ortiz"
        "dynn_Osborn"
        "dynn_Osteen"
        "dynn_Oswald"
        "dynn_Overbey"
        "dynn_Pace"
        "dynn_Pacey"
        "dynn_Padgett"
        "dynn_Panayiotou"
        "dynn_Parham"
        "dynn_Parker"
        "dynn_Parks"
        "dynn_Parnell"
        "dynn_Parrish"
        "dynn_Parrott"
        "dynn_Parsells"
        "dynn_Parsley"
        "dynn_Pate"
        "dynn_Patrick"
        "dynn_Patterson"
        "dynn_Patton"
        "dynn_Pavolini"
        "dynn_Payne"
        "dynn_Peacock"
        "dynn_Peak"
        "dynn_Pearson"
        "dynn_Peavy"
        "dynn_Peddie"
        "dynn_Pendarvis"
        "dynn_Penton"
        "dynn_Pepper"
        "dynn_Perez"
        "dynn_Perrin"
        "dynn_Perritt"
        "dynn_Peterson"
        "dynn_Petro"
        "dynn_Petroutson"
        "dynn_Pettibone"
        "dynn_Pettis"
        "dynn_Peturis"
        "dynn_Pham"
        "dynn_Pharr"
        "dynn_Phillips"
        "dynn_Pickers"
        "dynn_Pickron"
        "dynn_Piergiovanni"
        "dynn_Pierre"
        "dynn_Pilkington"
        "dynn_Ping"
        "dynn_Pintarelli"
        "dynn_Pippin"
        "dynn_Pittman"
        "dynn_Pitts"
        "dynn_Pizzotti"
        "dynn_Plummer"
        "dynn_Plymel"
        "dynn_Polk"
        "dynn_Poloronis"
        "dynn_Pope"
        "dynn_Porter"
        "dynn_Posey"
        "dynn_Potmesil"
        "dynn_Powe"
        "dynn_Powell"
        "dynn_Presnell"
        "dynn_Preston"
        "dynn_Previto"
        "dynn_Price"
        "dynn_Pridgeon"
        "dynn_Proffitt"
        "dynn_Pryear"
        "dynn_Puckett"
        "dynn_Pugh"
        "dynn_Pullam"
        "dynn_Pumphrey"
        "dynn_Purcell"
        "dynn_Putnal"
        "dynn_Pyburn"
        "dynn_Pylate"
        "dynn_Qualls"
        "dynn_Quaranta"
        "dynn_Quave"
        "dynn_Quigley"
        "dynn_Quinnelly"
        "dynn_Quinnie"
        "dynn_Quinsey"
        "dynn_Rabon"
        "dynn_Rabren"
        "dynn_Radford"
        "dynn_Raffeo"
        "dynn_Raffield"
        "dynn_Ramsey"
        "dynn_Randall"
        "dynn_Raspberry"
        "dynn_Rathel"
        "dynn_Rawsthorn"
        "dynn_Ray"
        "dynn_Raymond"
        "dynn_Reams"
        "dynn_Rease"
        "dynn_Reddick"
        "dynn_Redenbacher"
        "dynn_Reed"
        "dynn_Reeves"
        "dynn_Register"
        "dynn_Reid"
        "dynn_Reihsmann"
        "dynn_Retherford"
        "dynn_Revels"
        "dynn_Rezner"
        "dynn_Rhames"
        "dynn_Rhodes"
        "dynn_Rials"
        "dynn_Rice"
        "dynn_Richardson"
        "dynn_Richburg"
        "dynn_Rivera"
        "dynn_Robbins"
        "dynn_Roberson"
        "dynn_Roberts"
        "dynn_Rochelle"
        "dynn_Roddenberry"
        "dynn_Rodriguez"
        "dynn_Rogers"
        "dynn_Roland"
        "dynn_Rollo"
        "dynn_Romero"
        "dynn_Rosetti"
        "dynn_Ross"
        "dynn_Rouse"
        "dynn_Rowser"
        "dynn_Ruggs"
        "dynn_Rushing"
        "dynn_Rygula"
        "dynn_Saad"
        "dynn_Saliba"
        "dynn_Salter"
        "dynn_Samford"
        "dynn_Sandlin"
        "dynn_Sasnett"
        "dynn_Sasser"
        "dynn_Savage"
        "dynn_Scallion"
        "dynn_Scarborough"
        "dynn_Schambeau"
        "dynn_Schmidtling"
        "dynn_Schoelles"
        "dynn_Schonewitz"
        "dynn_Schoniwitz"
        "dynn_Sconiers"
        "dynn_Scrimpshire"
        "dynn_Scroggins"
        "dynn_Scruggs"
        "dynn_Seabrooks"
        "dynn_Seelhorst"
        "dynn_Seiffert"
        "dynn_Semmes"
        "dynn_Senterfitt"
        "dynn_Sessions"
        "dynn_Sewell"
        "dynn_Seymour"
        "dynn_Shabazz"
        "dynn_Shackleford"
        "dynn_Shakespeare"
        "dynn_Shambo"
        "dynn_Shamburger"
        "dynn_Shanahan"
        "dynn_Shaw"
        "dynn_Sheffield"
        "dynn_Sheppard"
        "dynn_Shingler"
        "dynn_Shiver"
        "dynn_Shoemaker"
        "dynn_Shumaker"
        "dynn_Shutt"
        "dynn_Sikes"
        "dynn_Silcox"
        "dynn_Silsbee"
        "dynn_Silver"
        "dynn_Simmons"
        "dynn_Simpson"
        "dynn_Sims"
        "dynn_Singletary"
        "dynn_Singleton"
        "dynn_Sirmon"
        "dynn_Sizemore"
        "dynn_Slay"
        "dynn_Smiley"
        "dynn_Smoots"
        "dynn_Snasel"
        "dynn_Snedeker"
        "dynn_Snipes"
        "dynn_Snyder"
        "dynn_Sowell"
        "dynn_Spafford"
        "dynn_Spain"
        "dynn_Sparks"
        "dynn_Spivey"
        "dynn_Spradley"
        "dynn_Squires"
        "dynn_Stafford"
        "dynn_Staggs"
        "dynn_Standifer"
        "dynn_Standridge"
        "dynn_Stanfield"
        "dynn_Stanford"
        "dynn_Stanley"
        "dynn_Starling"
        "dynn_Statkewicz"
        "dynn_Stauter"
        "dynn_Steele"
        "dynn_Stejskal"
        "dynn_Stephens"
        "dynn_Stevens"
        "dynn_Steverson"
        "dynn_Stewart"
        "dynn_Stockstill"
        "dynn_Stokes"
        "dynn_Stone"
        "dynn_Stonnington"
        "dynn_Stoutamire"
        "dynn_Strange"
        "dynn_Strayham"
        "dynn_Strehle"
        "dynn_Strength"
        "dynn_Strickland"
        "dynn_Stringfellow"
        "dynn_Stripling"
        "dynn_Sudduth"
        "dynn_Sudeiha"
        "dynn_Suggs"
        "dynn_Sullivan"
        "dynn_Summerlin"
        "dynn_Summers"
        "dynn_Sumrall"
        "dynn_Swanzy"
        "dynn_Swearington"
        "dynn_Sweetman"
        "dynn_Swift"
        "dynn_Swords"
        "dynn_Sykes"
        "dynn_Taite"
        "dynn_Tankersley"
        "dynn_Tapper"
        "dynn_Tatum"
        "dynn_Taunton"
        "dynn_Taylor"
        "dynn_Teague"
        "dynn_Temples"
        "dynn_Teplick"
        "dynn_Terry"
        "dynn_Tew"
        "dynn_Tharp"
        "dynn_Thickbroom"
        "dynn_Thompson"
        "dynn_Thornhill"
        "dynn_Thornton"
        "dynn_Thrash"
        "dynn_Thrower"
        "dynn_Thursby"
        "dynn_Tiblier"
        "dynn_Tipton"
        "dynn_Toche"
        "dynn_Todd"
        "dynn_Tolbert"
        "dynn_Tolliver"
        "dynn_Tomlinson"
        "dynn_Toole"
        "dynn_Townsend"
        "dynn_Tran"
        "dynn_Trawick"
        "dynn_Trehern"
        "dynn_Trimble"
        "dynn_Triplett"
        "dynn_Trochesset"
        "dynn_Tumlin"
        "dynn_Turner"
        "dynn_Tyus"
        "dynn_Uchello"
        "dynn_Ulee"
        "dynn_Umbrianna"
        "dynn_Underwood"
        "dynn_Uptagrafft"
        "dynn_Urbati"
        "dynn_Vail"
        "dynn_Valentine"
        "dynn_Van_Lierop"
        "dynn_Vanaernam"
        "dynn_Vanlandingham"
        "dynn_Vanloock"
        "dynn_Vann"
        "dynn_Varnadore"
        "dynn_Varnes"
        "dynn_Varnum"
        "dynn_Vasko"
        "dynn_Vaughn"
        "dynn_Versiga"
        "dynn_Vettatoe"
        "dynn_Vickers"
        "dynn_Vickery"
        "dynn_Vicks"
        "dynn_Vinson"
        "dynn_Vulevich"
        "dynn_Waddell"
        "dynn_Walding"
        "dynn_Waldorff"
        "dynn_Waldrop"
        "dynn_Walker"
        "dynn_Wallace"
        "dynn_Walley"
        "dynn_Walsingham"
        "dynn_Waltman"
        "dynn_Wangerin"
        "dynn_Warnsley"
        "dynn_Washington"
        "dynn_Waters"
        "dynn_Watson"
        "dynn_Watts"
        "dynn_Weatherspoon"
        "dynn_Weaver"
        "dynn_Webb"
        "dynn_Wedgeworth"
        "dynn_Weekley"
        "dynn_Weeks"
        "dynn_Weinacker"
        "dynn_Welch"
        "dynn_Weller"
        "dynn_Wells"
        "dynn_Weninegar"
        "dynn_Wentworth"
        "dynn_Wescovich"
        "dynn_Weston"
        "dynn_Westry"
        "dynn_Whatley"
        "dynn_Whitaker"
        "dynn_Whitby"
        "dynn_Whitehead"
        "dynn_Whitehurst"
        "dynn_Whitfield"
        "dynn_Whittington"
        "dynn_Wickersham"
        "dynn_Wiggins"
        "dynn_Wilkerson"
        "dynn_Willingham"
        "dynn_Wimberley"
        "dynn_Winburn"
        "dynn_Windham"
        "dynn_Wirick"
        "dynn_Witherington"
        "dynn_Wolfenden"
        "dynn_Womack"
        "dynn_Womble"
        "dynn_Wood"
        "dynn_Woodard"
        "dynn_Woodham"
        "dynn_Woodyard"
        "dynn_Worley"
        "dynn_Worthington"
        "dynn_Woullard"
        "dynn_Wright"
        "dynn_Wrightington"
        "dynn_Wyatt"
        "dynn_Wyckoff"
        "dynn_Wynn"
        "dynn_Yarbrough"
        "dynn_Yates"
        "dynn_Yelder"
        "dynn_Yelding"
        "dynn_Yon"
        "dynn_York"
        "dynn_Younce"
        "dynn_Zingarelli"
        "dynn_Zoghby"
    }

	dynasty_of_location_prefix = ""
	bastard_dynasty_prefix = ""
	patronym_suffix_male = ""
	patronym_suffix_female = ""
	
	pat_grf_name_chance = 20
	mat_grf_name_chance = 10
	father_name_chance = 25
	pat_grm_name_chance = 10
	mat_grm_name_chance = 20
	mother_name_chance = 25
	
	mercenary_names = {
		{ name = mercenary_company_boys_place1 }
		{ name = mercenary_company_boys_place2 }
		{ name = mercenary_company_boys_place3 }
		{ name = mercenary_company_boys_place4 }
		{ name = mercenary_company_boys_place5 }
		{ name = mercenary_company_nancy_harts }
		{ name = mercenary_company_florida_men }
	}
	
}
